DF001;1;30;00:00;23:59;2000;0;0;0;23:59
DF002;1;30;00:00;23:59;2000;0;0;0;23:59
DF003;1;30;00:00;23:59;3000;0;0;0;23:59
DF004;1;30;00:00;23:59;1000;0;0;0;23:59
DF005;1;30;00:00;23:59;1500;0;0;0;23:59
DF006;1;30;00:00;23:59;2000;0;0;0;23:59
DF007;1;1;00:00;23:59;300;0;0;0;23:59
DF060;1;1;00:00;23:59;1200;0;0;0;23:59
DF009;1;365;00:00;23:59;8000;0;0;0;23:59
DF010;1;365;00:00;23:59;12000;0;0;0;23:59
DF011;1;365;00:00;23:59;16000;0;0;0;23:59
DF012;1;365;00:00;23:59;12000;0;0;0;23:59
DF013;1;365;00:00;23:59;18000;0;0;0;23:59
DF014;1;365;00:00;23:59;24000;0;0;0;23:59